영어 문장,번역된 한국어 문장
"By the people, For the people!","사람들에 의해, 사람들을 위해!"
people’s currency,사람들의 통화
Don't remove legacy badges just change the color or allow online celebrity re-verification form,레거시 배지를 제거하지 마십시오.
As is the case for organizations and government,조직 및 정부의 경우와 마찬가지로
You have 3401 followers since 2012 and a legacy checkmark What kind of a celebrity are you,2012 년 이후 3401 명의 팔로워와 레거시 확인 마크가 있습니다. 당신은 어떤 종류의 유명인입니까?
,
"Hello, world","안녕하세요, 세상"
I am a student,저는 학생입니다
I am studying English,나는 영어를 공부하고 있습니다
I am studying Python,나는 파이썬을 공부하고 있습니다
I am studying Englis,나는 영어를 공부하고 있습니다
"Hello, world","안녕하세요, 세상"
I am a student,저는 학생입니다
I am studying English,나는 영어를 공부하고 있습니다
I am studying Python,나는 파이썬을 공부하고 있습니다
I am studying Englis,나는 영어를 공부하고 있습니다
One difference between worry about AI and worry about other kinds of technologies (e,AI에 대한 걱정과 다른 종류의 기술에 대한 걱정의 한 가지 차이점 (E
g,g
"nuclear power, vaccines) is that people who understand it well worry more, on average, than people who don't","원자력, 백신)는 그것을 이해하는 사람들은 평균적으로 더 걱정하는 사람들보다"
That difference is worth paying attention to,그 차이는주의를 기울일 가치가 있습니다
One difference between worry about AI and worry about other kinds of technologies (e,AI에 대한 걱정과 다른 종류의 기술에 대한 걱정의 한 가지 차이점 (E
g,g
"nuclear power, vaccines) is that people who understand it well worry more, on average, than people who don't","원자력, 백신)는 그것을 이해하는 사람들은 평균적으로 더 걱정하는 사람들보다"
That difference is worth paying attention to,그 차이는주의를 기울일 가치가 있습니다
text,텍스트
